[{"office_name":"Abilene, TX","office_code":"CN-TX4"},{"office_name":"Albany, NY","office_code":"LS-KT"},{"office_name":"Amarillo, TX","office_code":"LS-AM"},{"office_name":"Annapolis, MD","office_code":"LS-AP"},{"office_name":"Billings, MT","office_code":"LS-BL"},{"office_name":"Bismarck, ND","office_code":"LS-BM"},{"office_name":"Charleston, WV","office_code":"LS-CW"},{"office_name":"Columbia, SC","office_code":"LS-CO"},{"office_name":"Corpus Christi, TX","office_code":"CN-TX2"},{"office_name":"Des Moines, IA","office_code":"LS-NW"},{"office_name":"Dumas, AR","office_code":"CN-AR"},{"office_name":"Florence, SC","office_code":"CN-SC"},{"office_name":"Frankfort, KY","office_code":"LS-LG"},{"office_name":"Greeley, CO","office_code":"LS-GL"},{"office_name":"Indianapolis, IN","office_code":"LS-IS"},{"office_name":"Jackson, MS","office_code":"LS-JK"},{"office_name":"Jefferson City, MO","office_code":"LS-JC"},{"office_name":"Kearney, NE","office_code":"LS-WH"},{"office_name":"Lamesa, TX","office_code":"CN-TX1"},{"office_name":"Las Cruces, NM","office_code":"LPGMN-LC"},{"office_name":"Little Rock, AR","office_code":"LS-LR"},{"office_name":"Lubbock, TX","office_code":"CN-TX3"},{"office_name":"Macon, GA","office_code":"CN-GA"},{"office_name":"Madison","office_code":"DA-MD"},{"office_name":"Manhattan, KS","office_code":"LS-DC"},{"office_name":"Memphis, TN","office_code":"CN-TN"},{"office_name":"Minneapolis, MN","office_code":"LS-MN"},{"office_name":"Montgomery, AL","office_code":"LS-MG"},{"office_name":"Montpelier, VT","office_code":"LS-MP"},{"office_name":"Moses Lake, WA","office_code":"LS-ML"},{"office_name":"Nashville, TN","office_code":"LS-NV"},{"office_name":"New Holland, PA","office_code":"LS-LN"},{"office_name":"Oklahoma City, OK","office_code":"LS-KO"},{"office_name":"Portales, NM","office_code":"LS-CV"},{"office_name":"Portland, OR","office_code":"LS-JO"},{"office_name":"Raleigh, NC","office_code":"RA-LS"},{"office_name":"Rayville, LA","office_code":"CN-LA"},{"office_name":"Richmond, VA","office_code":"LS-RH"},{"office_name":"Salt Lake City, UT","office_code":"AG"},{"office_name":"San Angelo, TX","office_code":"LS-SA"},{"office_name":"Sioux Falls, SD","office_code":"LS-SF"},{"office_name":"Springfield, IL","office_code":"LS-GX"},{"office_name":"St Joseph, MO","office_code":"LS-SJ"},{"office_name":"Tallahassee, FL","office_code":"LS-OR"},{"office_name":"Thomasville, GA","office_code":"LS-TV"},{"office_name":"Torrington, WY","office_code":"LS-TO"},{"office_name":"Visalia, CA","office_code":"CN-CA"}]